video_id,subset,action,class_id,start_frame,end_frame,bbox,tensor_path,file_exists
10893,train,"[82, 1, 50]",82,1,50,"[39, 3, 291, 240]",../data/processed/train/10893.pt,True
10892,train,"[82, 1, 203]",82,1,203,"[82, 11, 250, 180]",../data/processed/train/10892.pt,True
10895,train,"[82, 1, 108]",82,1,108,"[98, 9, 579, 480]",../data/processed/train/10895.pt,True
10894,train,"[82, 1, 39]",82,1,39,"[569, 84, 1595, 1077]",../data/processed/train/10894.pt,True
51064,train,"[46, 1, 83]",46,1,83,"[62, 17, 214, 192]",../data/processed/train/51064.pt,True
51061,train,"[46, 1, 66]",46,1,66,"[53, 0, 527, 480]",../data/processed/train/51061.pt,True
51060,train,"[46, 1, 41]",46,1,41,"[737, 78, 1666, 1077]",../data/processed/train/51060.pt,True
66779,train,"[7, 1, 56]",7,1,56,"[167, 3, 471, 370]",../data/processed/train/66779.pt,True
66778,train,"[7, 1, 60]",7,1,60,"[165, 4, 472, 370]",../data/processed/train/66778.pt,True
65278,train,"[80, 1, 63]",80,1,63,"[151, 11, 502, 370]",../data/processed/train/65278.pt,True
43180,train,"[69, 1, 68]",69,1,68,"[182, 37, 559, 400]",../data/processed/train/43180.pt,True
06365,train,"[78, 1, 64]",78,1,64,"[67, 16, 212, 192]",../data/processed/train/06365.pt,True
57291,train,"[98, 1, 70]",98,1,70,"[186, 52, 541, 400]",../data/processed/train/57291.pt,True
56839,train,"[48, 1, 41]",48,1,41,"[620, 70, 1619, 1070]",../data/processed/train/56839.pt,True
56838,train,"[48, 1, 82]",48,1,82,"[182, 1, 526, 414]",../data/processed/train/56838.pt,True
56837,train,"[48, 1, 92]",48,1,92,"[64, 0, 264, 240]",../data/processed/train/56837.pt,True
06334,train,"[53, 1, 20]",53,1,20,"[656, 92, 1563, 1064]",../data/processed/train/06334.pt,True
06337,train,"[53, 1, 55]",53,1,55,"[71, 18, 210, 192]",../data/processed/train/06337.pt,True
06331,train,"[53, 1, 63]",53,1,63,"[37, 6, 256, 240]",../data/processed/train/06331.pt,True
06333,train,"[53, 1, 37]",53,1,37,"[726, 78, 1601, 1077]",../data/processed/train/06333.pt,True
06332,train,"[53, 1, 78]",53,1,78,"[219, 16, 530, 414]",../data/processed/train/06332.pt,True
11768,train,"[55, 1, 58]",55,1,58,"[404, 53, 799, 720]",../data/processed/train/11768.pt,True
11769,train,"[55, 1, 45]",55,1,45,"[760, 66, 1612, 1062]",../data/processed/train/11769.pt,True
11767,train,"[55, 1, 63]",55,1,63,"[231, 17, 522, 414]",../data/processed/train/11767.pt,True
64292,train,"[17, 1, 41]",17,1,41,"[79, 23, 212, 192]",../data/processed/train/64292.pt,True
64291,train,"[17, 1, 48]",17,1,48,"[81, 25, 212, 192]",../data/processed/train/64291.pt,True
65504,train,"[60, 1, 50]",60,1,50,"[146, 16, 458, 370]",../data/processed/train/65504.pt,True
65507,train,"[36, 1, 59]",36,1,59,"[146, 18, 475, 370]",../data/processed/train/65507.pt,True
65503,train,"[60, 1, 50]",60,1,50,"[158, 18, 452, 370]",../data/processed/train/65503.pt,True
45443,train,"[94, 1, 66]",94,1,66,"[153, 54, 563, 400]",../data/processed/train/45443.pt,True
05734,train,"[3, 1, 69]",3,1,69,"[129, 0, 555, 480]",../data/processed/train/05734.pt,True
05730,train,"[3, 1, 32]",3,1,32,"[712, 64, 1652, 1080]",../data/processed/train/05730.pt,True
05731,train,"[3, 1, 47]",3,1,47,"[570, 98, 1535, 1080]",../data/processed/train/05731.pt,True
05732,train,"[3, 1, 73]",3,1,73,"[103, 25, 528, 480]",../data/processed/train/05732.pt,True
05733,train,"[3, 1, 92]",3,1,92,"[95, 23, 533, 480]",../data/processed/train/05733.pt,True
05229,train,"[77, 1, 72]",77,1,72,"[52, 0, 246, 240]",../data/processed/train/05229.pt,True
17720,train,"[1, 1, 35]",1,1,35,"[49, 3, 220, 192]",../data/processed/train/17720.pt,True
17721,train,"[1, 1, 42]",1,1,42,"[66, 19, 209, 192]",../data/processed/train/17721.pt,True
17722,train,"[1, 1, 42]",1,1,42,"[66, 19, 209, 192]",../data/processed/train/17722.pt,True
17723,train,"[1, 1, 51]",1,1,51,"[65, 20, 208, 192]",../data/processed/train/17723.pt,True
14624,train,"[58, 1, 41]",58,1,41,"[608, 74, 1589, 1078]",../data/processed/train/14624.pt,True
14625,train,"[58, 1, 67]",58,1,67,"[66, 27, 510, 480]",../data/processed/train/14625.pt,True
26973,train,"[41, 1, 28]",41,1,28,"[623, 138, 1480, 1069]",../data/processed/train/26973.pt,True
26972,train,"[41, 1, 53]",41,1,53,"[201, 17, 516, 414]",../data/processed/train/26972.pt,True
26975,train,"[41, 1, 66]",41,1,66,"[36, 4, 535, 480]",../data/processed/train/26975.pt,True
26976,train,"[41, 1, 67]",41,1,67,"[132, 27, 529, 480]",../data/processed/train/26976.pt,True
65029,train,"[76, 1, 69]",76,1,69,"[129, 22, 473, 370]",../data/processed/train/65029.pt,True
63208,train,"[49, 1, 33]",49,1,33,"[73, 13, 224, 192]",../data/processed/train/63208.pt,True
14680,train,"[59, 1, 31]",59,1,31,"[47, 6, 237, 192]",../data/processed/train/14680.pt,True
63204,train,"[49, 1, 39]",49,1,39,"[745, 44, 1532, 1080]",../data/processed/train/63204.pt,True
63207,train,"[49, 1, 21]",49,1,21,"[82, 14, 226, 192]",../data/processed/train/63207.pt,True
63200,train,"[49, 1, 93]",49,1,93,"[28, 0, 290, 240]",../data/processed/train/63200.pt,True
63202,train,"[49, 1, 62]",49,1,62,"[410, 57, 816, 720]",../data/processed/train/63202.pt,True
63203,train,"[49, 1, 31]",49,1,31,"[640, 39, 1468, 1080]",../data/processed/train/63203.pt,True
51063,train,"[46, 1, 63]",46,1,63,"[70, 17, 218, 192]",../data/processed/train/51063.pt,True
62246,train,"[74, 1, 64]",74,1,64,"[239, 13, 528, 414]",../data/processed/train/62246.pt,True
62245,train,"[74, 1, 62]",74,1,62,"[416, 57, 807, 720]",../data/processed/train/62245.pt,True
62248,train,"[74, 1, 44]",74,1,44,"[141, 0, 562, 480]",../data/processed/train/62248.pt,True
08437,train,"[80, 1, 73]",80,1,73,"[214, 40, 515, 400]",../data/processed/train/08437.pt,True
07074,train,"[0, 1, 33]",0,1,33,"[82, 11, 212, 192]",../data/processed/train/07074.pt,True
07070,train,"[0, 1, 73]",0,1,73,"[131, 26, 526, 480]",../data/processed/train/07070.pt,True
26719,train,"[40, 1, 28]",40,1,28,"[44, 4, 227, 192]",../data/processed/train/26719.pt,True
26713,train,"[40, 1, 58]",40,1,58,"[334, 31, 813, 720]",../data/processed/train/26713.pt,True
26712,train,"[40, 1, 78]",40,1,78,"[32, 0, 273, 240]",../data/processed/train/26712.pt,True
26715,train,"[40, 1, 75]",40,1,75,"[26, 0, 542, 480]",../data/processed/train/26715.pt,True
26714,train,"[40, 1, 35]",40,1,35,"[698, 74, 1615, 1066]",../data/processed/train/26714.pt,True
26717,train,"[40, 1, 32]",40,1,32,"[62, 17, 213, 192]",../data/processed/train/26717.pt,True
07961,train,"[79, 1, 70]",79,1,70,"[213, 11, 525, 414]",../data/processed/train/07961.pt,True
65889,train,"[12, 1, 65]",12,1,65,"[188, 15, 469, 370]",../data/processed/train/65889.pt,True
28214,train,"[86, 1, 69]",86,1,69,"[176, 54, 560, 400]",../data/processed/train/28214.pt,True
28210,train,"[86, 1, 24]",86,1,24,"[74, 4, 218, 192]",../data/processed/train/28210.pt,True
28211,train,"[86, 1, 28]",86,1,28,"[77, 5, 217, 192]",../data/processed/train/28211.pt,True
65084,train,"[52, 1, 65]",52,1,65,"[119, 4, 486, 370]",../data/processed/train/65084.pt,True
65085,train,"[52, 1, 60]",52,1,60,"[207, 0, 520, 370]",../data/processed/train/65085.pt,True
66532,train,"[97, 1, 61]",97,1,61,"[159, 16, 465, 370]",../data/processed/train/66532.pt,True
66769,train,"[30, 1, 49]",30,1,49,"[173, 7, 480, 370]",../data/processed/train/66769.pt,True
05243,train,"[77, 1, 68]",77,1,68,"[160, 42, 557, 400]",../data/processed/train/05243.pt,True
65263,train,"[79, 1, 69]",79,1,69,"[158, 12, 462, 370]",../data/processed/train/65263.pt,True
02003,train,"[18, 1, 65]",18,1,65,"[171, 49, 564, 400]",../data/processed/train/02003.pt,True
39006,train,"[26, 1, 69]",26,1,69,"[200, 52, 569, 400]",../data/processed/train/39006.pt,True
69343,train,"[64, 1, 79]",64,1,79,"[132, 45, 949, 720]",../data/processed/train/69343.pt,True
49174,train,"[96, 1, 32]",96,1,32,"[500, 45, 1725, 1080]",../data/processed/train/49174.pt,True
49175,train,"[96, 1, 39]",96,1,39,"[349, 56, 1688, 1072]",../data/processed/train/49175.pt,True
42843,train,"[67, 1, 63]",67,1,63,"[241, 36, 497, 400]",../data/processed/train/42843.pt,True
49178,train,"[96, 1, 74]",96,1,74,"[126, 0, 522, 480]",../data/processed/train/49178.pt,True
05740,train,"[3, 1, 42]",3,1,42,"[90, 22, 203, 192]",../data/processed/train/05740.pt,True
05743,train,"[3, 1, 41]",3,1,41,"[43, 3, 212, 192]",../data/processed/train/05743.pt,True
05742,train,"[3, 1, 25]",3,1,25,"[67, 14, 216, 192]",../data/processed/train/05742.pt,True
05749,train,"[3, 1, 77]",3,1,77,"[167, 52, 512, 400]",../data/processed/train/05749.pt,True
10158,train,"[81, 1, 36]",81,1,36,"[75, 13, 197, 192]",../data/processed/train/10158.pt,True
36946,train,"[25, 1, 80]",25,1,80,"[218, 38, 468, 400]",../data/processed/train/36946.pt,True
13199,train,"[20, 1, 48]",20,1,48,"[609, 80, 1589, 1080]",../data/processed/train/13199.pt,True
14894,train,"[10, 1, 34]",10,1,34,"[60, 24, 206, 192]",../data/processed/train/14894.pt,True
14893,train,"[10, 1, 38]",10,1,38,"[66, 24, 205, 192]",../data/processed/train/14893.pt,True
45273,train,"[93, 1, 74]",93,1,74,"[213, 38, 551, 400]",../data/processed/train/45273.pt,True
62259,train,"[74, 1, 72]",74,1,72,"[232, 39, 498, 400]",../data/processed/train/62259.pt,True
62250,train,"[74, 1, 23]",74,1,23,"[77, 15, 234, 192]",../data/processed/train/62250.pt,True
62251,train,"[74, 1, 33]",74,1,33,"[83, 15, 225, 192]",../data/processed/train/62251.pt,True
07068,train,"[0, 1, 58]",0,1,58,"[234, 17, 524, 414]",../data/processed/train/07068.pt,True
07069,train,"[0, 1, 31]",0,1,31,"[462, 44, 949, 720]",../data/processed/train/07069.pt,True
40847,train,"[91, 1, 71]",91,1,71,"[183, 59, 560, 400]",../data/processed/train/40847.pt,True
31755,train,"[42, 1, 29]",42,1,29,"[84, 8, 220, 192]",../data/processed/train/31755.pt,True
31756,train,"[42, 1, 30]",42,1,30,"[79, 8, 220, 192]",../data/processed/train/31756.pt,True
31753,train,"[42, 1, 50]",42,1,50,"[104, 15, 574, 480]",../data/processed/train/31753.pt,True
31752,train,"[42, 1, 27]",42,1,27,"[578, 125, 1537, 1075]",../data/processed/train/31752.pt,True
66575,train,"[47, 1, 52]",47,1,52,"[194, 24, 474, 370]",../data/processed/train/66575.pt,True
06486,train,"[19, 1, 94]",19,1,94,"[131, 52, 555, 400]",../data/processed/train/06486.pt,True
66799,train,"[31, 1, 57]",31,1,57,"[167, 2, 479, 370]",../data/processed/train/66799.pt,True
66798,train,"[31, 1, 51]",31,1,51,"[188, 8, 488, 370]",../data/processed/train/66798.pt,True
05644,train,"[32, 1, 72]",32,1,72,"[170, 52, 534, 400]",../data/processed/train/05644.pt,True
65216,train,"[33, 1, 61]",33,1,61,"[158, 24, 482, 370]",../data/processed/train/65216.pt,True
35458,train,"[89, 1, 43]",89,1,43,"[79, 19, 212, 191]",../data/processed/train/35458.pt,True
35452,train,"[89, 1, 106]",89,1,106,"[81, 10, 288, 240]",../data/processed/train/35452.pt,True
35453,train,"[89, 1, 75]",89,1,75,"[435, 63, 835, 720]",../data/processed/train/35453.pt,True
35456,train,"[89, 1, 100]",89,1,100,"[182, 61, 508, 480]",../data/processed/train/35456.pt,True
65187,train,"[53, 1, 69]",53,1,69,"[157, 17, 460, 370]",../data/processed/train/65187.pt,True
35455,train,"[89, 1, 103]",89,1,103,"[92, 0, 511, 480]",../data/processed/train/35455.pt,True
32250,train,"[65, 1, 50]",65,1,50,"[139, 31, 518, 480]",../data/processed/train/32250.pt,True
32254,train,"[65, 1, 29]",65,1,29,"[74, 7, 221, 192]",../data/processed/train/32254.pt,True
32257,train,"[65, 1, 41]",65,1,41,"[43, 3, 212, 192]",../data/processed/train/32257.pt,True
65677,train,"[37, 1, 71]",37,1,71,"[167, 31, 467, 370]",../data/processed/train/65677.pt,True
01387,train,"[76, 1, 42]",76,1,42,"[525, 51, 1520, 1080]",../data/processed/train/01387.pt,True
56852,train,"[48, 1, 72]",48,1,72,"[205, 53, 569, 400]",../data/processed/train/56852.pt,True
24955,train,"[5, 1, 52]",5,1,52,"[79, 22, 201, 192]",../data/processed/train/24955.pt,True
24954,train,"[5, 1, 52]",5,1,52,"[79, 22, 201, 192]",../data/processed/train/24954.pt,True
24956,train,"[5, 1, 39]",5,1,39,"[81, 22, 199, 192]",../data/processed/train/24956.pt,True
65328,train,"[4, 1, 61]",4,1,61,"[169, 15, 476, 370]",../data/processed/train/65328.pt,True
55365,train,"[47, 1, 87]",47,1,87,"[126, 0, 604, 480]",../data/processed/train/55365.pt,True
55362,train,"[47, 1, 93]",47,1,93,"[52, 0, 263, 240]",../data/processed/train/55362.pt,True
10166,train,"[81, 1, 80]",81,1,80,"[175, 52, 541, 400]",../data/processed/train/10166.pt,True
14882,train,"[10, 1, 92]",10,1,92,"[186, 15, 525, 414]",../data/processed/train/14882.pt,True
14884,train,"[10, 1, 33]",10,1,33,"[677, 59, 1527, 1061]",../data/processed/train/14884.pt,True
14885,train,"[10, 1, 23]",10,1,23,"[727, 115, 1483, 1078]",../data/processed/train/14885.pt,True
14886,train,"[10, 1, 33]",10,1,33,"[445, 35, 1030, 709]",../data/processed/train/14886.pt,True
45263,train,"[93, 1, 34]",93,1,34,"[368, 108, 1509, 1078]",../data/processed/train/45263.pt,True
45261,train,"[93, 1, 67]",93,1,67,"[62, 21, 290, 240]",../data/processed/train/45261.pt,True
45264,train,"[93, 1, 42]",93,1,42,"[744, 77, 1564, 1080]",../data/processed/train/45264.pt,True
45265,train,"[93, 1, 73]",93,1,73,"[156, 0, 567, 480]",../data/processed/train/45265.pt,True
09850,train,"[4, 1, 32]",4,1,32,"[667, 144, 1472, 1061]",../data/processed/train/09850.pt,True
10147,train,"[81, 1, 72]",81,1,72,"[39, 1, 239, 240]",../data/processed/train/10147.pt,True
10148,train,"[81, 1, 34]",81,1,34,"[521, 52, 1638, 1080]",../data/processed/train/10148.pt,True
26739,train,"[40, 1, 84]",40,1,84,"[203, 39, 485, 400]",../data/processed/train/26739.pt,True
66146,train,"[25, 1, 64]",25,1,64,"[190, 13, 462, 370]",../data/processed/train/66146.pt,True
66147,train,"[25, 1, 69]",25,1,69,"[136, 27, 465, 370]",../data/processed/train/66147.pt,True
42832,train,"[67, 1, 42]",67,1,42,"[508, 43, 1090, 715]",../data/processed/train/42832.pt,True
42830,train,"[67, 1, 60]",67,1,60,"[477, 66, 851, 720]",../data/processed/train/42830.pt,True
42831,train,"[67, 1, 43]",67,1,43,"[412, 44, 1087, 720]",../data/processed/train/42831.pt,True
42836,train,"[67, 1, 46]",67,1,46,"[89, 21, 200, 192]",../data/processed/train/42836.pt,True
66098,train,"[45, 1, 72]",45,1,72,"[135, 27, 464, 370]",../data/processed/train/66098.pt,True
66099,train,"[45, 1, 63]",45,1,63,"[150, 27, 461, 370]",../data/processed/train/66099.pt,True
06832,train,"[33, 1, 64]",33,1,64,"[41, 0, 232, 240]",../data/processed/train/06832.pt,True
06833,train,"[33, 1, 59]",33,1,59,"[225, 18, 519, 414]",../data/processed/train/06833.pt,True
06834,train,"[33, 1, 43]",33,1,43,"[188, 0, 794, 720]",../data/processed/train/06834.pt,True
06835,train,"[33, 1, 68]",33,1,68,"[125, 26, 528, 480]",../data/processed/train/06835.pt,True
06839,train,"[33, 1, 31]",33,1,31,"[90, 21, 213, 192]",../data/processed/train/06839.pt,True
65996,train,"[42, 1, 64]",42,1,64,"[199, 15, 504, 370]",../data/processed/train/65996.pt,True
51056,train,"[46, 1, 84]",46,1,84,"[26, 0, 278, 240]",../data/processed/train/51056.pt,True
51057,train,"[46, 1, 85]",46,1,85,"[189, 14, 522, 414]",../data/processed/train/51057.pt,True
51058,train,"[46, 1, 81]",46,1,81,"[209, 17, 526, 414]",../data/processed/train/51058.pt,True
51059,train,"[46, 1, 98]",46,1,98,"[231, 13, 575, 414]",../data/processed/train/51059.pt,True
35467,train,"[89, 1, 73]",89,1,73,"[195, 54, 546, 400]",../data/processed/train/35467.pt,True
65200,train,"[19, 1, 49]",19,1,49,"[149, 24, 479, 370]",../data/processed/train/65200.pt,True
65192,train,"[78, 1, 65]",78,1,65,"[185, 22, 481, 370]",../data/processed/train/65192.pt,True
32248,train,"[65, 1, 29]",65,1,29,"[553, 64, 1679, 1080]",../data/processed/train/32248.pt,True
32249,train,"[65, 1, 77]",65,1,77,"[146, 0, 572, 480]",../data/processed/train/32249.pt,True
65440,train,"[59, 1, 65]",59,1,65,"[156, 10, 531, 370]",../data/processed/train/65440.pt,True
56841,train,"[48, 1, 40]",48,1,40,"[451, 55, 1451, 1080]",../data/processed/train/56841.pt,True
65445,train,"[10, 1, 54]",10,1,54,"[170, 15, 476, 370]",../data/processed/train/65445.pt,True
56844,train,"[48, 1, 93]",48,1,93,"[146, 19, 549, 480]",../data/processed/train/56844.pt,True
24947,train,"[5, 1, 54]",5,1,54,"[58, 2, 557, 480]",../data/processed/train/24947.pt,True
56848,train,"[48, 1, 31]",48,1,31,"[65, 10, 211, 192]",../data/processed/train/56848.pt,True
69325,train,"[38, 1, 80]",38,1,80,"[311, 0, 1071, 720]",../data/processed/train/69325.pt,True
24943,train,"[5, 1, 53]",5,1,53,"[283, 19, 812, 480]",../data/processed/train/24943.pt,True
24940,train,"[5, 1, 88]",5,1,88,"[37, 1, 284, 240]",../data/processed/train/24940.pt,True
24941,train,"[5, 1, 57]",5,1,57,"[187, 18, 526, 414]",../data/processed/train/24941.pt,True
38990,train,"[26, 1, 78]",26,1,78,"[58, 2, 262, 240]",../data/processed/train/38990.pt,True
38995,train,"[26, 1, 71]",26,1,71,"[124, 0, 532, 480]",../data/processed/train/38995.pt,True
38997,train,"[26, 1, 36]",26,1,36,"[78, 20, 219, 192]",../data/processed/train/38997.pt,True
38999,train,"[26, 1, 27]",26,1,27,"[85, 19, 229, 192]",../data/processed/train/38999.pt,True
57647,train,"[29, 1, 71]",29,1,71,"[171, 50, 538, 400]",../data/processed/train/57647.pt,True
57641,train,"[29, 1, 26]",29,1,26,"[64, 16, 214, 192]",../data/processed/train/57641.pt,True
26971,train,"[41, 1, 101]",41,1,101,"[47, 6, 251, 240]",../data/processed/train/26971.pt,True
14627,train,"[58, 1, 41]",58,1,41,"[71, 16, 220, 192]",../data/processed/train/14627.pt,True
63679,train,"[31, 1, 59]",31,1,59,"[231, 38, 486, 400]",../data/processed/train/63679.pt,True
63673,train,"[31, 1, 37]",31,1,37,"[78, 14, 234, 192]",../data/processed/train/63673.pt,True
26974,train,"[41, 1, 39]",41,1,39,"[477, 30, 1040, 717]",../data/processed/train/26974.pt,True
14622,train,"[58, 1, 92]",58,1,92,"[54, 19, 223, 240]",../data/processed/train/14622.pt,True
14623,train,"[58, 1, 88]",58,1,88,"[333, 54, 820, 720]",../data/processed/train/14623.pt,True
27216,train,"[12, 1, 46]",12,1,46,"[67, 5, 217, 192]",../data/processed/train/27216.pt,True
42956,train,"[68, 1, 64]",68,1,64,"[46, 0, 234, 240]",../data/processed/train/42956.pt,True
42959,train,"[68, 1, 88]",68,1,88,"[351, 59, 819, 720]",../data/processed/train/42959.pt,True
42958,train,"[68, 1, 63]",68,1,63,"[413, 55, 812, 720]",../data/processed/train/42958.pt,True
48114,train,"[95, 1, 43]",95,1,43,"[76, 20, 212, 192]",../data/processed/train/48114.pt,True
14676,train,"[59, 1, 71]",59,1,71,"[79, 26, 581, 480]",../data/processed/train/14676.pt,True
09848,train,"[4, 1, 96]",4,1,96,"[40, 6, 266, 240]",../data/processed/train/09848.pt,True
09849,train,"[4, 1, 69]",4,1,69,"[388, 56, 806, 720]",../data/processed/train/09849.pt,True
14671,train,"[59, 1, 77]",59,1,77,"[39, 0, 288, 240]",../data/processed/train/14671.pt,True
57935,train,"[14, 1, 77]",14,1,77,"[437, 57, 825, 720]",../data/processed/train/57935.pt,True
57934,train,"[14, 1, 77]",14,1,77,"[427, 57, 820, 720]",../data/processed/train/57934.pt,True
57937,train,"[14, 1, 28]",14,1,28,"[740, 74, 1629, 1076]",../data/processed/train/57937.pt,True
57936,train,"[14, 1, 30]",14,1,30,"[840, 75, 1596, 1075]",../data/processed/train/57936.pt,True
57939,train,"[14, 1, 33]",14,1,33,"[856, 69, 1733, 1080]",../data/processed/train/57939.pt,True
63205,train,"[49, 1, 68]",49,1,68,"[109, 5, 519, 480]",../data/processed/train/63205.pt,True
08424,train,"[80, 1, 62]",80,1,62,"[44, 0, 262, 240]",../data/processed/train/08424.pt,True
15038,train,"[84, 1, 45]",84,1,45,"[53, 15, 230, 192]",../data/processed/train/15038.pt,True
15032,train,"[84, 1, 58]",84,1,58,"[65, 0, 262, 240]",../data/processed/train/15032.pt,True
15033,train,"[84, 1, 45]",84,1,45,"[428, 57, 815, 720]",../data/processed/train/15033.pt,True
15034,train,"[84, 1, 30]",84,1,30,"[678, 71, 1667, 1080]",../data/processed/train/15034.pt,True
15035,train,"[84, 1, 65]",84,1,65,"[124, 18, 613, 480]",../data/processed/train/15035.pt,True
08935,train,"[35, 1, 50]",35,1,50,"[434, 54, 814, 720]",../data/processed/train/08935.pt,True
08937,train,"[35, 1, 76]",35,1,76,"[69, 17, 552, 480]",../data/processed/train/08937.pt,True
08936,train,"[35, 1, 54]",35,1,54,"[201, 5, 823, 480]",../data/processed/train/08936.pt,True
08938,train,"[35, 1, 49]",35,1,49,"[110, 29, 555, 480]",../data/processed/train/08938.pt,True
50044,train,"[71, 1, 23]",71,1,23,"[74, 14, 239, 192]",../data/processed/train/50044.pt,True
50046,train,"[71, 1, 31]",71,1,31,"[49, 7, 216, 192]",../data/processed/train/50046.pt,True
50040,train,"[71, 1, 37]",71,1,37,"[609, 66, 1407, 1080]",../data/processed/train/50040.pt,True
24961,train,"[5, 1, 39]",5,1,39,"[78, 25, 214, 192]",../data/processed/train/24961.pt,True
13647,train,"[9, 1, 68]",9,1,68,"[205, 43, 479, 400]",../data/processed/train/13647.pt,True
13646,train,"[9, 1, 62]",9,1,62,"[174, 36, 487, 400]",../data/processed/train/13646.pt,True
13642,train,"[9, 1, 34]",9,1,34,"[54, 9, 222, 192]",../data/processed/train/13642.pt,True
13640,train,"[9, 1, 51]",9,1,51,"[52, 9, 225, 192]",../data/processed/train/13640.pt,True
57634,train,"[29, 1, 51]",29,1,51,"[121, 31, 528, 480]",../data/processed/train/57634.pt,True
13648,train,"[9, 1, 60]",9,1,60,"[192, 41, 488, 400]",../data/processed/train/13648.pt,True
57630,train,"[29, 1, 58]",29,1,58,"[402, 56, 823, 720]",../data/processed/train/57630.pt,True
57631,train,"[29, 1, 58]",29,1,58,"[406, 54, 825, 720]",../data/processed/train/57631.pt,True
24973,train,"[5, 1, 92]",5,1,92,"[229, 42, 573, 400]",../data/processed/train/24973.pt,True
08431,train,"[80, 1, 26]",80,1,26,"[81, 13, 222, 192]",../data/processed/train/08431.pt,True
06371,train,"[78, 1, 66]",78,1,66,"[162, 51, 527, 398]",../data/processed/train/06371.pt,True
21891,train,"[11, 1, 66]",11,1,66,"[236, 35, 486, 400]",../data/processed/train/21891.pt,True
27221,train,"[12, 1, 66]",12,1,66,"[198, 56, 563, 400]",../data/processed/train/27221.pt,True
69206,train,"[18, 1, 76]",18,1,76,"[439, 68, 1366, 1080]",../data/processed/train/69206.pt,True
21871,train,"[11, 1, 68]",11,1,68,"[206, 15, 518, 414]",../data/processed/train/21871.pt,True
21870,train,"[11, 1, 56]",11,1,56,"[414, 53, 804, 720]",../data/processed/train/21870.pt,True
21878,train,"[11, 1, 33]",11,1,33,"[69, 14, 214, 192]",../data/processed/train/21878.pt,True
63668,train,"[31, 1, 28]",31,1,28,"[913, 49, 1738, 1071]",../data/processed/train/63668.pt,True
63666,train,"[31, 1, 60]",31,1,60,"[216, 15, 525, 414]",../data/processed/train/63666.pt,True
63667,train,"[31, 1, 27]",31,1,27,"[664, 83, 1585, 1072]",../data/processed/train/63667.pt,True
63665,train,"[31, 1, 62]",31,1,62,"[215, 16, 525, 414]",../data/processed/train/63665.pt,True
43167,train,"[69, 1, 62]",69,1,62,"[222, 17, 521, 414]",../data/processed/train/43167.pt,True
43169,train,"[69, 1, 46]",69,1,46,"[240, 10, 626, 360]",../data/processed/train/43169.pt,True
43168,train,"[69, 1, 28]",69,1,28,"[489, 129, 1615, 1065]",../data/processed/train/43168.pt,True
49183,train,"[96, 1, 44]",96,1,44,"[65, 11, 211, 192]",../data/processed/train/49183.pt,True
49181,train,"[96, 1, 32]",96,1,32,"[70, 11, 209, 192]",../data/processed/train/49181.pt,True
38544,train,"[13, 1, 71]",13,1,71,"[258, 38, 509, 400]",../data/processed/train/38544.pt,True
49188,train,"[96, 1, 68]",96,1,68,"[199, 48, 574, 400]",../data/processed/train/49188.pt,True
64300,train,"[17, 1, 77]",17,1,77,"[235, 44, 478, 400]",../data/processed/train/64300.pt,True
63799,train,"[75, 1, 43]",75,1,43,"[50, 17, 211, 192]",../data/processed/train/63799.pt,True
63792,train,"[75, 1, 44]",75,1,44,"[501, 0, 1402, 1080]",../data/processed/train/63792.pt,True
63793,train,"[75, 1, 66]",75,1,66,"[125, 8, 554, 480]",../data/processed/train/63793.pt,True
63790,train,"[75, 1, 68]",75,1,68,"[217, 13, 531, 414]",../data/processed/train/63790.pt,True
63791,train,"[75, 1, 37]",75,1,37,"[534, 52, 1589, 1080]",../data/processed/train/63791.pt,True
48106,train,"[95, 1, 31]",95,1,31,"[500, 46, 1574, 1080]",../data/processed/train/48106.pt,True
48107,train,"[95, 1, 35]",95,1,35,"[663, 79, 1478, 1080]",../data/processed/train/48107.pt,True
48109,train,"[95, 1, 66]",95,1,66,"[47, 0, 566, 480]",../data/processed/train/48109.pt,True
63242,train,"[7, 1, 74]",7,1,74,"[188, 55, 546, 400]",../data/processed/train/63242.pt,True
58499,train,"[73, 1, 66]",73,1,66,"[137, 0, 593, 480]",../data/processed/train/58499.pt,True
58498,train,"[73, 1, 64]",73,1,64,"[345, 8, 843, 480]",../data/processed/train/58498.pt,True
22130,train,"[38, 1, 73]",38,1,73,"[166, 52, 551, 400]",../data/processed/train/22130.pt,True
58361,train,"[99, 1, 74]",99,1,74,"[401, 54, 815, 720]",../data/processed/train/58361.pt,True
58360,train,"[99, 1, 71]",99,1,71,"[54, 0, 281, 240]",../data/processed/train/58360.pt,True
58363,train,"[99, 1, 58]",99,1,58,"[92, 0, 507, 480]",../data/processed/train/58363.pt,True
58362,train,"[99, 1, 50]",99,1,50,"[523, 13, 1374, 1080]",../data/processed/train/58362.pt,True
58366,train,"[99, 1, 33]",99,1,33,"[79, 11, 217, 192]",../data/processed/train/58366.pt,True
31767,train,"[42, 1, 93]",42,1,93,"[229, 48, 487, 400]",../data/processed/train/31767.pt,True
14681,train,"[59, 1, 43]",59,1,43,"[69, 5, 221, 192]",../data/processed/train/14681.pt,True
65299,train,"[8, 1, 65]",8,1,65,"[136, 16, 469, 370]",../data/processed/train/65299.pt,True
65298,train,"[8, 1, 61]",8,1,61,"[186, 15, 467, 370]",../data/processed/train/65298.pt,True
07963,train,"[79, 1, 74]",79,1,74,"[102, 30, 523, 480]",../data/processed/train/07963.pt,True
07962,train,"[79, 1, 52]",79,1,52,"[381, 38, 1076, 720]",../data/processed/train/07962.pt,True
07960,train,"[79, 1, 78]",79,1,78,"[37, 6, 250, 240]",../data/processed/train/07960.pt,True
07966,train,"[79, 1, 28]",79,1,28,"[62, 15, 217, 192]",../data/processed/train/07966.pt,True
11330,train,"[6, 1, 71]",6,1,71,"[165, 51, 578, 400]",../data/processed/train/11330.pt,True
08924,train,"[8, 1, 25]",8,1,25,"[80, 11, 216, 192]",../data/processed/train/08924.pt,True
08920,train,"[8, 1, 64]",8,1,64,"[675, 65, 1529, 1060]",../data/processed/train/08920.pt,True
08921,train,"[8, 1, 50]",8,1,50,"[66, 24, 572, 480]",../data/processed/train/08921.pt,True
50039,train,"[71, 1, 37]",71,1,37,"[549, 81, 1415, 1080]",../data/processed/train/50039.pt,True
50038,train,"[71, 1, 81]",71,1,81,"[218, 15, 549, 414]",../data/processed/train/50038.pt,True
50037,train,"[71, 1, 101]",71,1,101,"[25, 0, 290, 240]",../data/processed/train/50037.pt,True
56842,train,"[48, 1, 45]",48,1,45,"[683, 64, 1554, 1075]",../data/processed/train/56842.pt,True
66183,train,"[13, 1, 58]",13,1,58,"[143, 0, 480, 370]",../data/processed/train/66183.pt,True
56846,train,"[48, 1, 36]",48,1,36,"[35, 0, 220, 192]",../data/processed/train/56846.pt,True
24638,train,"[64, 1, 27]",64,1,27,"[677, 133, 1465, 1062]",../data/processed/train/24638.pt,True
65043,train,"[18, 1, 64]",18,1,64,"[149, 10, 464, 370]",../data/processed/train/65043.pt,True
32260,train,"[65, 1, 80]",65,1,80,"[174, 51, 560, 400]",../data/processed/train/32260.pt,True
32261,train,"[65, 1, 78]",65,1,78,"[155, 61, 542, 400]",../data/processed/train/32261.pt,True
17709,train,"[1, 1, 105]",1,1,105,"[41, 9, 257, 240]",../data/processed/train/17709.pt,True
65824,train,"[5, 1, 43]",5,1,43,"[149, 9, 591, 370]",../data/processed/train/65824.pt,True
19258,train,"[62, 1, 52]",62,1,52,"[374, 54, 831, 720]",../data/processed/train/19258.pt,True
19259,train,"[62, 1, 41]",62,1,41,"[523, 70, 1792, 1080]",../data/processed/train/19259.pt,True
06363,train,"[78, 1, 56]",78,1,56,"[61, 11, 231, 192]",../data/processed/train/06363.pt,True
21883,train,"[11, 1, 28]",11,1,28,"[72, 15, 216, 192]",../data/processed/train/21883.pt,True
27217,train,"[12, 1, 54]",12,1,54,"[61, 12, 213, 192]",../data/processed/train/27217.pt,True
27215,train,"[12, 1, 27]",12,1,27,"[72, 14, 217, 192]",../data/processed/train/27215.pt,True
27214,train,"[12, 1, 46]",12,1,46,"[77, 3, 220, 192]",../data/processed/train/27214.pt,True
10149,train,"[81, 1, 43]",81,1,43,"[533, 84, 1561, 1080]",../data/processed/train/10149.pt,True
21869,train,"[11, 1, 84]",11,1,84,"[67, 10, 236, 240]",../data/processed/train/21869.pt,True
45436,train,"[94, 1, 78]",94,1,78,"[174, 3, 535, 480]",../data/processed/train/45436.pt,True
45434,train,"[94, 1, 66]",94,1,66,"[216, 13, 520, 414]",../data/processed/train/45434.pt,True
45433,train,"[94, 1, 79]",94,1,79,"[21, 0, 266, 240]",../data/processed/train/45433.pt,True
24962,train,"[5, 1, 37]",5,1,37,"[88, 25, 217, 192]",../data/processed/train/24962.pt,True
43174,train,"[69, 1, 74]",69,1,74,"[64, 11, 231, 192]",../data/processed/train/43174.pt,True
43170,train,"[69, 1, 75]",69,1,75,"[175, 0, 571, 480]",../data/processed/train/43170.pt,True
43173,train,"[69, 1, 38]",69,1,38,"[74, 7, 226, 192]",../data/processed/train/43173.pt,True
17085,train,"[36, 1, 58]",36,1,58,"[225, 18, 521, 414]",../data/processed/train/17085.pt,True
17084,train,"[36, 1, 58]",36,1,58,"[53, 0, 229, 240]",../data/processed/train/17084.pt,True
17087,train,"[36, 1, 82]",36,1,82,"[101, 15, 546, 480]",../data/processed/train/17087.pt,True
17086,train,"[36, 1, 66]",36,1,66,"[417, 61, 834, 720]",../data/processed/train/17086.pt,True
09869,train,"[4, 1, 79]",4,1,79,"[183, 55, 560, 400]",../data/processed/train/09869.pt,True
12316,train,"[2, 1, 38]",2,1,38,"[412, 18, 1698, 1080]",../data/processed/train/12316.pt,True
12317,train,"[2, 1, 46]",2,1,46,"[473, 44, 1708, 1080]",../data/processed/train/12317.pt,True
12314,train,"[2, 1, 38]",2,1,38,"[257, 38, 1684, 1080]",../data/processed/train/12314.pt,True
12313,train,"[2, 1, 69]",2,1,69,"[409, 51, 833, 720]",../data/processed/train/12313.pt,True
12311,train,"[2, 1, 62]",2,1,62,"[27, 0, 313, 240]",../data/processed/train/12311.pt,True
12318,train,"[2, 1, 39]",2,1,39,"[365, 45, 1673, 1080]",../data/processed/train/12318.pt,True
12319,train,"[2, 1, 35]",2,1,35,"[494, 99, 1414, 1077]",../data/processed/train/12319.pt,True
40130,train,"[27, 1, 78]",27,1,78,"[175, 50, 531, 400]",../data/processed/train/40130.pt,True
26980,train,"[41, 1, 48]",41,1,48,"[62, 17, 218, 192]",../data/processed/train/26980.pt,True
63227,train,"[7, 1, 32]",7,1,32,"[687, 96, 1421, 1080]",../data/processed/train/63227.pt,True
63225,train,"[7, 1, 94]",7,1,94,"[35, 0, 293, 240]",../data/processed/train/63225.pt,True
65539,train,"[1, 1, 46]",1,1,46,"[153, 11, 488, 370]",../data/processed/train/65539.pt,True
66592,train,"[48, 1, 69]",48,1,69,"[135, 19, 462, 370]",../data/processed/train/66592.pt,True
08917,train,"[8, 1, 28]",8,1,28,"[784, 153, 1501, 1080]",../data/processed/train/08917.pt,True
08916,train,"[8, 1, 75]",8,1,75,"[163, 14, 517, 414]",../data/processed/train/08916.pt,True
08919,train,"[8, 1, 74]",8,1,74,"[647, 60, 1538, 1065]",../data/processed/train/08919.pt,True
66441,train,"[71, 1, 48]",71,1,48,"[141, 32, 494, 370]",../data/processed/train/66441.pt,True
13161,train,"[83, 1, 48]",83,1,48,"[66, 1, 237, 192]",../data/processed/train/13161.pt,True
63672,train,"[31, 1, 26]",31,1,26,"[71, 14, 215, 192]",../data/processed/train/63672.pt,True
65145,train,"[77, 1, 49]",77,1,49,"[195, 38, 492, 370]",../data/processed/train/65145.pt,True
65144,train,"[77, 1, 55]",77,1,55,"[198, 31, 518, 370]",../data/processed/train/65144.pt,True
69534,train,"[7, 1, 54]",7,1,54,"[381, 45, 868, 720]",../data/processed/train/69534.pt,True
28115,train,"[22, 1, 29]",22,1,29,"[65, 9, 207, 192]",../data/processed/train/28115.pt,True
28116,train,"[22, 1, 38]",22,1,38,"[64, 11, 221, 192]",../data/processed/train/28116.pt,True
28111,train,"[22, 1, 31]",22,1,31,"[544, 128, 1596, 1080]",../data/processed/train/28111.pt,True
28110,train,"[22, 1, 31]",22,1,31,"[657, 78, 1430, 1080]",../data/processed/train/28110.pt,True
24640,train,"[64, 1, 36]",64,1,36,"[627, 96, 1364, 1080]",../data/processed/train/24640.pt,True
19261,train,"[62, 1, 75]",62,1,75,"[37, 6, 600, 480]",../data/processed/train/19261.pt,True
19260,train,"[62, 1, 38]",62,1,38,"[826, 116, 1733, 1077]",../data/processed/train/19260.pt,True
19264,train,"[62, 1, 56]",62,1,56,"[73, 10, 239, 192]",../data/processed/train/19264.pt,True
19269,train,"[62, 1, 81]",62,1,81,"[172, 53, 561, 400]",../data/processed/train/19269.pt,True
11780,train,"[55, 1, 77]",55,1,77,"[188, 53, 535, 400]",../data/processed/train/11780.pt,True
06359,train,"[78, 1, 50]",78,1,50,"[423, 60, 815, 720]",../data/processed/train/06359.pt,True
27208,train,"[12, 1, 58]",12,1,58,"[80, 14, 536, 480]",../data/processed/train/27208.pt,True
27206,train,"[12, 1, 61]",12,1,61,"[211, 16, 525, 414]",../data/processed/train/27206.pt,True
27207,train,"[12, 1, 50]",12,1,50,"[665, 54, 1608, 1080]",../data/processed/train/27207.pt,True
32946,train,"[88, 1, 82]",88,1,82,"[49, 0, 245, 240]",../data/processed/train/32946.pt,True
17090,train,"[36, 1, 44]",36,1,44,"[91, 22, 203, 192]",../data/processed/train/17090.pt,True
17091,train,"[36, 1, 40]",36,1,40,"[105, 20, 213, 192]",../data/processed/train/17091.pt,True
42961,train,"[68, 1, 42]",68,1,42,"[576, 79, 1648, 1077]",../data/processed/train/42961.pt,True
42966,train,"[68, 1, 64]",68,1,64,"[63, 8, 219, 192]",../data/processed/train/42966.pt,True
42967,train,"[68, 1, 38]",68,1,38,"[70, 14, 224, 192]",../data/processed/train/42967.pt,True
64212,train,"[16, 1, 45]",16,1,45,"[642, 59, 1646, 1080]",../data/processed/train/64212.pt,True
64213,train,"[16, 1, 83]",16,1,83,"[82, 0, 535, 480]",../data/processed/train/64213.pt,True
64218,train,"[16, 1, 50]",16,1,50,"[72, 15, 221, 192]",../data/processed/train/64218.pt,True
64219,train,"[16, 1, 24]",16,1,24,"[88, 16, 226, 192]",../data/processed/train/64219.pt,True
55366,train,"[47, 1, 63]",47,1,63,"[147, 24, 531, 480]",../data/processed/train/55366.pt,True
12327,train,"[2, 1, 40]",2,1,40,"[63, 0, 218, 192]",../data/processed/train/12327.pt,True
12328,train,"[2, 1, 75]",2,1,75,"[56, 11, 240, 192]",../data/processed/train/12328.pt,True
55364,train,"[47, 1, 36]",47,1,36,"[598, 84, 1393, 1080]",../data/processed/train/55364.pt,True
40121,train,"[27, 1, 36]",27,1,36,"[81, 10, 222, 192]",../data/processed/train/40121.pt,True
40129,train,"[27, 1, 78]",27,1,78,"[175, 50, 531, 400]",../data/processed/train/40129.pt,True
03005,train,"[52, 1, 38]",52,1,38,"[64, 15, 229, 192]",../data/processed/train/03005.pt,True
03000,train,"[52, 1, 89]",52,1,89,"[41, 13, 259, 240]",../data/processed/train/03000.pt,True
03001,train,"[52, 1, 78]",52,1,78,"[350, 53, 815, 720]",../data/processed/train/03001.pt,True
03002,train,"[52, 1, 57]",52,1,57,"[212, 17, 526, 414]",../data/processed/train/03002.pt,True
03003,train,"[52, 1, 108]",52,1,108,"[24, 13, 526, 480]",../data/processed/train/03003.pt,True
03008,train,"[52, 1, 75]",52,1,75,"[158, 50, 541, 399]",../data/processed/train/03008.pt,True
18329,train,"[61, 1, 43]",61,1,43,"[82, 4, 212, 192]",../data/processed/train/18329.pt,True
18325,train,"[61, 1, 62]",61,1,62,"[106, 13, 550, 480]",../data/processed/train/18325.pt,True
18324,train,"[61, 1, 58]",61,1,58,"[239, 16, 527, 414]",../data/processed/train/18324.pt,True
62170,train,"[15, 1, 36]",15,1,36,"[57, 16, 224, 192]",../data/processed/train/62170.pt,True
62175,train,"[15, 1, 82]",15,1,82,"[201, 38, 529, 400]",../data/processed/train/62175.pt,True
37886,train,"[90, 1, 39]",90,1,39,"[69, 15, 215, 192]",../data/processed/train/37886.pt,True
37883,train,"[90, 1, 58]",90,1,58,"[777, 75, 1751, 1074]",../data/processed/train/37883.pt,True
37881,train,"[90, 1, 103]",90,1,103,"[27, 8, 248, 240]",../data/processed/train/37881.pt,True
11313,train,"[6, 1, 31]",6,1,31,"[56, 8, 243, 192]",../data/processed/train/11313.pt,True
11310,train,"[6, 1, 76]",6,1,76,"[403, 67, 893, 720]",../data/processed/train/11310.pt,True
28107,train,"[22, 1, 81]",22,1,81,"[51, 0, 250, 240]",../data/processed/train/28107.pt,True
24651,train,"[64, 1, 25]",64,1,25,"[74, 16, 221, 192]",../data/processed/train/24651.pt,True
14675,train,"[59, 1, 67]",59,1,67,"[56, 29, 620, 480]",../data/processed/train/14675.pt,True
28108,train,"[22, 1, 59]",22,1,59,"[229, 17, 521, 414]",../data/processed/train/28108.pt,True
28109,train,"[22, 1, 51]",22,1,51,"[351, 11, 818, 480]",../data/processed/train/28109.pt,True
14674,train,"[59, 1, 37]",59,1,37,"[479, 31, 1735, 1080]",../data/processed/train/14674.pt,True
06343,train,"[53, 1, 70]",53,1,70,"[175, 52, 533, 400]",../data/processed/train/06343.pt,True
32158,train,"[43, 1, 47]",43,1,47,"[298, 77, 1648, 1080]",../data/processed/train/32158.pt,True
32155,train,"[43, 1, 43]",43,1,43,"[204, 92, 1777, 1080]",../data/processed/train/32155.pt,True
49600,train,"[70, 1, 49]",70,1,49,"[125, 30, 517, 480]",../data/processed/train/49600.pt,True
49602,train,"[70, 1, 28]",70,1,28,"[77, 12, 221, 192]",../data/processed/train/49602.pt,True
13333,train,"[56, 1, 28]",56,1,28,"[68, 14, 225, 192]",../data/processed/train/13333.pt,True
13337,train,"[56, 1, 68]",56,1,68,"[157, 54, 530, 400]",../data/processed/train/13337.pt,True
05638,train,"[32, 1, 32]",32,1,32,"[72, 17, 219, 192]",../data/processed/train/05638.pt,True
64224,train,"[16, 1, 80]",16,1,80,"[176, 52, 537, 400]",../data/processed/train/64224.pt,True
05634,train,"[32, 1, 88]",32,1,88,"[126, 20, 533, 480]",../data/processed/train/05634.pt,True
05637,train,"[32, 1, 43]",32,1,43,"[74, 18, 192, 192]",../data/processed/train/05637.pt,True
05636,train,"[32, 1, 57]",32,1,57,"[72, 23, 218, 192]",../data/processed/train/05636.pt,True
05631,train,"[32, 1, 25]",32,1,25,"[617, 68, 1584, 1080]",../data/processed/train/05631.pt,True
05630,train,"[32, 1, 74]",32,1,74,"[413, 57, 807, 720]",../data/processed/train/05630.pt,True
05633,train,"[32, 1, 28]",32,1,28,"[697, 82, 1644, 1068]",../data/processed/train/05633.pt,True
05632,train,"[32, 1, 34]",32,1,34,"[639, 79, 1541, 1080]",../data/processed/train/05632.pt,True
13202,train,"[20, 1, 65]",20,1,65,"[114, 30, 509, 480]",../data/processed/train/13202.pt,True
13201,train,"[20, 1, 78]",20,1,78,"[125, 18, 533, 480]",../data/processed/train/13201.pt,True
13200,train,"[20, 1, 24]",20,1,24,"[586, 95, 1564, 1080]",../data/processed/train/13200.pt,True
13209,train,"[20, 1, 58]",20,1,58,"[73, 21, 200, 192]",../data/processed/train/13209.pt,True
13208,train,"[20, 1, 49]",20,1,49,"[85, 20, 219, 192]",../data/processed/train/13208.pt,True
12338,train,"[2, 1, 91]",2,1,91,"[221, 42, 501, 400]",../data/processed/train/12338.pt,True
36929,train,"[25, 1, 53]",25,1,53,"[48, 0, 263, 240]",../data/processed/train/36929.pt,True
33285,train,"[23, 1, 87]",23,1,87,"[189, 57, 540, 400]",../data/processed/train/33285.pt,True
40119,train,"[27, 1, 75]",27,1,75,"[140, 0, 497, 480]",../data/processed/train/40119.pt,True
40117,train,"[27, 1, 33]",27,1,33,"[910, 68, 1734, 1056]",../data/processed/train/40117.pt,True
40116,train,"[27, 1, 68]",27,1,68,"[223, 16, 527, 414]",../data/processed/train/40116.pt,True
40115,train,"[27, 1, 84]",27,1,84,"[82, 32, 233, 240]",../data/processed/train/40115.pt,True
18335,train,"[61, 1, 72]",61,1,72,"[193, 55, 546, 400]",../data/processed/train/18335.pt,True
62168,train,"[15, 1, 60]",15,1,60,"[76, 17, 237, 192]",../data/processed/train/62168.pt,True
62169,train,"[15, 1, 54]",15,1,54,"[73, 16, 239, 192]",../data/processed/train/62169.pt,True
62163,train,"[15, 1, 30]",15,1,30,"[585, 136, 1828, 1080]",../data/processed/train/62163.pt,True
62164,train,"[15, 1, 69]",15,1,69,"[122, 0, 592, 480]",../data/processed/train/62164.pt,True
37894,train,"[90, 1, 71]",90,1,71,"[245, 39, 505, 400]",../data/processed/train/37894.pt,True
40836,train,"[91, 1, 32]",91,1,32,"[639, 65, 1578, 1080]",../data/processed/train/40836.pt,True
66008,train,"[43, 1, 63]",43,1,63,"[179, 14, 537, 370]",../data/processed/train/66008.pt,True
66007,train,"[43, 1, 55]",43,1,55,"[191, 14, 501, 370]",../data/processed/train/66007.pt,True
11309,train,"[6, 1, 58]",6,1,58,"[21, 2, 304, 240]",../data/processed/train/11309.pt,True
66469,train,"[72, 1, 40]",72,1,40,"[137, 31, 512, 370]",../data/processed/train/66469.pt,True
65162,train,"[32, 1, 55]",32,1,55,"[217, 31, 465, 370]",../data/processed/train/65162.pt,True
65161,train,"[32, 1, 60]",32,1,60,"[188, 5, 495, 370]",../data/processed/train/65161.pt,True
65167,train,"[3, 1, 60]",3,1,60,"[190, 0, 504, 370]",../data/processed/train/65167.pt,True
01987,train,"[18, 1, 64]",18,1,64,"[351, 53, 821, 720]",../data/processed/train/01987.pt,True
01988,train,"[18, 1, 122]",18,1,122,"[32, 13, 543, 480]",../data/processed/train/01988.pt,True
32945,train,"[88, 1, 67]",88,1,67,"[57, 3, 240, 240]",../data/processed/train/32945.pt,True
32947,train,"[88, 1, 31]",88,1,31,"[657, 37, 1680, 1080]",../data/processed/train/32947.pt,True
24660,train,"[64, 1, 60]",64,1,60,"[181, 63, 541, 400]",../data/processed/train/24660.pt,True
32949,train,"[88, 1, 83]",88,1,83,"[155, 0, 574, 480]",../data/processed/train/32949.pt,True
35523,train,"[66, 1, 66]",66,1,66,"[184, 54, 560, 400]",../data/processed/train/35523.pt,True
69241,train,"[0, 1, 64]",0,1,64,"[385, 37, 885, 720]",../data/processed/train/69241.pt,True
32163,train,"[43, 1, 33]",43,1,33,"[61, 14, 231, 192]",../data/processed/train/32163.pt,True
32160,train,"[43, 1, 98]",43,1,98,"[36, 0, 616, 480]",../data/processed/train/32160.pt,True
21945,train,"[21, 1, 59]",21,1,59,"[62, 5, 564, 480]",../data/processed/train/21945.pt,True
21941,train,"[21, 1, 56]",21,1,56,"[57, 0, 271, 240]",../data/processed/train/21941.pt,True
21943,train,"[21, 1, 29]",21,1,29,"[757, 52, 1564, 1080]",../data/processed/train/21943.pt,True
13326,train,"[56, 1, 77]",56,1,77,"[333, 33, 1027, 720]",../data/processed/train/13326.pt,True
13327,train,"[56, 1, 74]",56,1,74,"[382, 27, 1022, 719]",../data/processed/train/13327.pt,True
13323,train,"[56, 1, 57]",56,1,57,"[12, 0, 271, 240]",../data/processed/train/13323.pt,True
13328,train,"[56, 1, 34]",56,1,34,"[677, 75, 1599, 1074]",../data/processed/train/13328.pt,True
13329,train,"[56, 1, 73]",56,1,73,"[87, 24, 522, 480]",../data/processed/train/13329.pt,True
13213,train,"[20, 1, 48]",20,1,48,"[73, 16, 215, 192]",../data/processed/train/13213.pt,True
13216,train,"[20, 1, 61]",20,1,61,"[154, 51, 527, 400]",../data/processed/train/13216.pt,True
13217,train,"[20, 1, 63]",20,1,63,"[161, 50, 520, 400]",../data/processed/train/13217.pt,True
22967,train,"[63, 1, 65]",63,1,65,"[166, 50, 550, 400]",../data/processed/train/22967.pt,True
22960,train,"[63, 1, 36]",63,1,36,"[49, 0, 221, 192]",../data/processed/train/22960.pt,True
36930,train,"[25, 1, 58]",25,1,58,"[214, 17, 520, 414]",../data/processed/train/36930.pt,True
36931,train,"[25, 1, 70]",25,1,70,"[715, 59, 1630, 1071]",../data/processed/train/36931.pt,True
36932,train,"[25, 1, 64]",25,1,64,"[205, 17, 588, 360]",../data/processed/train/36932.pt,True
36933,train,"[25, 1, 63]",25,1,63,"[150, 0, 502, 480]",../data/processed/train/36933.pt,True
36936,train,"[25, 1, 33]",25,1,33,"[69, 16, 210, 192]",../data/processed/train/36936.pt,True
36937,train,"[25, 1, 39]",25,1,39,"[72, 18, 210, 192]",../data/processed/train/36937.pt,True
53268,train,"[97, 1, 64]",97,1,64,"[397, 71, 853, 720]",../data/processed/train/53268.pt,True
56556,train,"[28, 1, 62]",28,1,62,"[374, 52, 810, 720]",../data/processed/train/56556.pt,True
56557,train,"[28, 1, 41]",28,1,41,"[558, 75, 1619, 1080]",../data/processed/train/56557.pt,True
10157,train,"[81, 1, 46]",81,1,46,"[64, 10, 209, 192]",../data/processed/train/10157.pt,True
24648,train,"[64, 1, 34]",64,1,34,"[49, 8, 245, 192]",../data/processed/train/24648.pt,True
62159,train,"[15, 1, 74]",15,1,74,"[209, 14, 581, 414]",../data/processed/train/62159.pt,True
05629,train,"[32, 1, 69]",32,1,69,"[64, 12, 265, 240]",../data/processed/train/05629.pt,True
30832,train,"[87, 1, 76]",87,1,76,"[370, 70, 935, 720]",../data/processed/train/30832.pt,True
30831,train,"[87, 1, 67]",87,1,67,"[33, 0, 288, 240]",../data/processed/train/30831.pt,True
30835,train,"[87, 1, 58]",87,1,58,"[36, 11, 587, 480]",../data/processed/train/30835.pt,True
30834,train,"[87, 1, 48]",87,1,48,"[769, 70, 1629, 1080]",../data/processed/train/30834.pt,True
09967,train,"[54, 1, 39]",54,1,39,"[65, 13, 222, 192]",../data/processed/train/09967.pt,True
09966,train,"[54, 1, 62]",54,1,62,"[48, 11, 215, 192]",../data/processed/train/09966.pt,True
09960,train,"[54, 1, 83]",54,1,83,"[149, 0, 591, 480]",../data/processed/train/09960.pt,True
09963,train,"[54, 1, 44]",54,1,44,"[80, 14, 203, 192]",../data/processed/train/09963.pt,True
40841,train,"[91, 1, 46]",91,1,46,"[78, 11, 210, 192]",../data/processed/train/40841.pt,True
65363,train,"[82, 1, 68]",82,1,68,"[167, 11, 461, 370]",../data/processed/train/65363.pt,True
65362,train,"[82, 1, 63]",82,1,63,"[156, 17, 485, 370]",../data/processed/train/65362.pt,True
23769,train,"[85, 1, 86]",85,1,86,"[277, 3, 798, 480]",../data/processed/train/23769.pt,True
23768,train,"[85, 1, 27]",85,1,27,"[593, 124, 1663, 1080]",../data/processed/train/23768.pt,True
23766,train,"[85, 1, 65]",85,1,65,"[37, 0, 283, 240]",../data/processed/train/23766.pt,True
66010,train,"[65, 1, 54]",65,1,54,"[194, 13, 502, 370]",../data/processed/train/66010.pt,True
66014,train,"[44, 1, 63]",44,1,63,"[157, 13, 484, 370]",../data/processed/train/66014.pt,True
13695,train,"[57, 1, 61]",57,1,61,"[36, 0, 254, 240]",../data/processed/train/13695.pt,True
13697,train,"[57, 1, 39]",57,1,39,"[413, 77, 1655, 1080]",../data/processed/train/13697.pt,True
13699,train,"[57, 1, 66]",57,1,66,"[63, 29, 610, 480]",../data/processed/train/13699.pt,True
01991,train,"[18, 1, 43]",18,1,43,"[43, 22, 221, 192]",../data/processed/train/01991.pt,True
01992,train,"[18, 1, 51]",18,1,51,"[47, 23, 228, 192]",../data/processed/train/01992.pt,True
34738,train,"[45, 1, 131]",45,1,131,"[127, 17, 577, 480]",../data/processed/train/34738.pt,True
34734,train,"[45, 1, 83]",45,1,83,"[143, 11, 522, 414]",../data/processed/train/34734.pt,True
34736,train,"[45, 1, 32]",45,1,32,"[462, 73, 1617, 1080]",../data/processed/train/34736.pt,True
34737,train,"[45, 1, 30]",45,1,30,"[851, 60, 1746, 1067]",../data/processed/train/34737.pt,True
43179,train,"[69, 1, 67]",69,1,67,"[190, 47, 561, 400]",../data/processed/train/43179.pt,True
34732,train,"[45, 1, 72]",45,1,72,"[36, 0, 248, 240]",../data/processed/train/34732.pt,True
34733,train,"[45, 1, 74]",45,1,74,"[183, 17, 527, 414]",../data/processed/train/34733.pt,True
32954,train,"[88, 1, 30]",88,1,30,"[67, 15, 227, 192]",../data/processed/train/32954.pt,True
62970,train,"[30, 1, 75]",30,1,75,"[78, 9, 560, 480]",../data/processed/train/62970.pt,True
32959,train,"[88, 1, 70]",88,1,70,"[231, 40, 481, 400]",../data/processed/train/32959.pt,True
65009,train,"[51, 1, 58]",51,1,58,"[622, 126, 1450, 1079]",../data/processed/train/65009.pt,True
28125,train,"[22, 1, 61]",22,1,61,"[197, 49, 571, 400]",../data/processed/train/28125.pt,True
25321,train,"[39, 1, 92]",39,1,92,"[51, 4, 251, 240]",../data/processed/train/25321.pt,True
25323,train,"[39, 1, 28]",39,1,28,"[538, 131, 1504, 1071]",../data/processed/train/25323.pt,True
25322,train,"[39, 1, 49]",39,1,49,"[431, 59, 827, 720]",../data/processed/train/25322.pt,True
25325,train,"[39, 1, 28]",39,1,28,"[575, 117, 1467, 1080]",../data/processed/train/25325.pt,True
25324,train,"[39, 1, 28]",39,1,28,"[586, 116, 1418, 1080]",../data/processed/train/25324.pt,True
25326,train,"[39, 1, 55]",39,1,55,"[35, 0, 547, 480]",../data/processed/train/25326.pt,True
25329,train,"[39, 1, 43]",39,1,43,"[74, 15, 214, 192]",../data/processed/train/25329.pt,True
62979,train,"[30, 1, 33]",30,1,33,"[77, 2, 231, 192]",../data/processed/train/62979.pt,True
35511,train,"[66, 1, 53]",66,1,53,"[589, 67, 1810, 1080]",../data/processed/train/35511.pt,True
35517,train,"[66, 1, 33]",66,1,33,"[82, 7, 205, 192]",../data/processed/train/35517.pt,True
35516,train,"[66, 1, 42]",66,1,42,"[55, 18, 218, 192]",../data/processed/train/35516.pt,True
35518,train,"[66, 1, 35]",66,1,35,"[52, 12, 222, 192]",../data/processed/train/35518.pt,True
13630,train,"[9, 1, 90]",9,1,90,"[67, 17, 251, 234]",../data/processed/train/13630.pt,True
23782,train,"[85, 1, 63]",85,1,63,"[182, 52, 545, 400]",../data/processed/train/23782.pt,True
69290,train,"[59, 1, 59]",59,1,59,"[186, 0, 1101, 720]",../data/processed/train/69290.pt,True
69298,train,"[36, 1, 69]",36,1,69,"[356, 40, 877, 720]",../data/processed/train/69298.pt,True
21950,train,"[21, 1, 26]",21,1,26,"[74, 13, 227, 192]",../data/processed/train/21950.pt,True
21951,train,"[21, 1, 26]",21,1,26,"[96, 16, 231, 192]",../data/processed/train/21951.pt,True
53279,train,"[97, 1, 68]",97,1,68,"[188, 53, 566, 400]",../data/processed/train/53279.pt,True
57286,train,"[98, 1, 35]",98,1,35,"[73, 13, 209, 192]",../data/processed/train/57286.pt,True
53273,train,"[97, 1, 29]",97,1,29,"[51, 14, 212, 192]",../data/processed/train/53273.pt,True
53270,train,"[97, 1, 40]",97,1,40,"[790, 55, 1742, 1080]",../data/processed/train/53270.pt,True
53271,train,"[97, 1, 73]",97,1,73,"[123, 0, 564, 480]",../data/processed/train/53271.pt,True
53275,train,"[97, 1, 36]",97,1,36,"[51, 16, 208, 192]",../data/processed/train/53275.pt,True
00624,train,"[51, 1, 93]",51,1,93,"[42, 6, 278, 240]",../data/processed/train/00624.pt,True
00623,train,"[51, 1, 104]",51,1,104,"[54, 6, 272, 240]",../data/processed/train/00623.pt,True
22953,train,"[63, 1, 39]",63,1,39,"[495, 68, 1600, 1080]",../data/processed/train/22953.pt,True
22952,train,"[63, 1, 48]",63,1,48,"[415, 51, 834, 720]",../data/processed/train/22952.pt,True
00629,train,"[51, 1, 126]",51,1,126,"[69, 23, 613, 480]",../data/processed/train/00629.pt,True
00628,train,"[51, 1, 31]",51,1,31,"[677, 98, 1386, 1080]",../data/processed/train/00628.pt,True
22955,train,"[63, 1, 57]",63,1,57,"[53, 0, 552, 480]",../data/processed/train/22955.pt,True
62966,train,"[30, 1, 26]",30,1,26,"[509, 75, 1631, 1080]",../data/processed/train/62966.pt,True
62964,train,"[30, 1, 78]",30,1,78,"[50, 0, 280, 240]",../data/processed/train/62964.pt,True
62968,train,"[30, 1, 45]",30,1,45,"[333, 61, 1614, 1080]",../data/processed/train/62968.pt,True
57953,train,"[14, 1, 74]",14,1,74,"[214, 53, 566, 400]",../data/processed/train/57953.pt,True
20979,train,"[37, 1, 81]",37,1,81,"[69, 0, 259, 240]",../data/processed/train/20979.pt,True
20978,train,"[37, 1, 105]",37,1,105,"[63, 7, 227, 180]",../data/processed/train/20978.pt,True
01388,train,"[76, 1, 104]",76,1,104,"[137, 16, 531, 480]",../data/processed/train/01388.pt,True
01385,train,"[76, 1, 50]",76,1,50,"[670, 44, 1529, 1078]",../data/processed/train/01385.pt,True
01384,train,"[76, 1, 56]",76,1,56,"[409, 56, 822, 720]",../data/processed/train/01384.pt,True
01383,train,"[76, 1, 124]",76,1,124,"[55, 0, 259, 240]",../data/processed/train/01383.pt,True
66640,train,"[99, 1, 58]",99,1,58,"[134, 30, 459, 370]",../data/processed/train/66640.pt,True
66644,train,"[73, 1, 79]",73,1,79,"[153, 32, 483, 370]",../data/processed/train/66644.pt,True
09970,train,"[54, 1, 72]",54,1,72,"[190, 56, 551, 400]",../data/processed/train/09970.pt,True
66246,train,"[27, 1, 55]",27,1,55,"[146, 2, 484, 370]",../data/processed/train/66246.pt,True
66804,train,"[75, 1, 56]",75,1,56,"[157, 4, 463, 370]",../data/processed/train/66804.pt,True
23771,train,"[85, 1, 78]",85,1,78,"[23, 2, 558, 480]",../data/processed/train/23771.pt,True
23774,train,"[85, 1, 48]",85,1,48,"[70, 18, 219, 192]",../data/processed/train/23774.pt,True
08955,train,"[35, 1, 66]",35,1,66,"[163, 54, 555, 400]",../data/processed/train/08955.pt,True
34742,train,"[45, 1, 23]",45,1,23,"[66, 10, 221, 192]",../data/processed/train/34742.pt,True
34746,train,"[45, 1, 69]",45,1,69,"[214, 37, 479, 400]",../data/processed/train/34746.pt,True
25339,train,"[39, 1, 74]",39,1,74,"[175, 60, 532, 400]",../data/processed/train/25339.pt,True
35509,train,"[66, 1, 80]",66,1,80,"[48, 0, 273, 240]",../data/processed/train/35509.pt,True
56563,train,"[28, 1, 35]",28,1,35,"[65, 18, 213, 192]",../data/processed/train/56563.pt,True
51223,train,"[72, 1, 34]",72,1,34,"[700, 66, 1636, 1073]",../data/processed/train/51223.pt,True
51221,train,"[72, 1, 85]",72,1,85,"[171, 14, 525, 414]",../data/processed/train/51221.pt,True
51226,train,"[72, 1, 66]",72,1,66,"[31, 0, 527, 480]",../data/processed/train/51226.pt,True
51225,train,"[72, 1, 81]",72,1,81,"[85, 20, 562, 480]",../data/processed/train/51225.pt,True
69282,train,"[56, 1, 74]",56,1,74,"[317, 29, 861, 720]",../data/processed/train/69282.pt,True
69283,train,"[57, 1, 68]",57,1,68,"[219, 15, 1044, 720]",../data/processed/train/69283.pt,True
69281,train,"[20, 1, 66]",20,1,66,"[148, 9, 605, 480]",../data/processed/train/69281.pt,True
50045,train,"[71, 1, 63]",71,1,63,"[58, 16, 228, 192]",../data/processed/train/50045.pt,True
65721,train,"[21, 1, 45]",21,1,45,"[136, 14, 521, 370]",../data/processed/train/65721.pt,True
65635,train,"[62, 1, 76]",62,1,76,"[170, 10, 502, 370]",../data/processed/train/65635.pt,True
65434,train,"[58, 1, 72]",58,1,72,"[137, 14, 498, 370]",../data/processed/train/65434.pt,True
65439,train,"[59, 1, 63]",59,1,63,"[159, 1, 521, 370]",../data/processed/train/65439.pt,True
63806,train,"[75, 1, 62]",75,1,62,"[234, 38, 498, 400]",../data/processed/train/63806.pt,True
00632,train,"[51, 1, 48]",51,1,48,"[53, 14, 218, 192]",../data/processed/train/00632.pt,True
00633,train,"[51, 1, 23]",51,1,23,"[81, 16, 223, 192]",../data/processed/train/00633.pt,True
00631,train,"[51, 1, 64]",51,1,64,"[40, 15, 252, 192]",../data/processed/train/00631.pt,True
06478,train,"[19, 1, 38]",19,1,38,"[63, 8, 245, 192]",../data/processed/train/06478.pt,True
00639,train,"[51, 1, 89]",51,1,89,"[180, 45, 574, 400]",../data/processed/train/00639.pt,True
57940,train,"[14, 1, 27]",14,1,27,"[690, 97, 1426, 1080]",../data/processed/train/57940.pt,True
57942,train,"[14, 1, 63]",14,1,63,"[120, 0, 533, 480]",../data/processed/train/57942.pt,True
57947,train,"[14, 1, 40]",14,1,40,"[90, 24, 227, 192]",../data/processed/train/57947.pt,True
57949,train,"[14, 1, 46]",14,1,46,"[66, 21, 206, 192]",../data/processed/train/57949.pt,True
06471,train,"[19, 1, 66]",19,1,66,"[66, 13, 258, 240]",../data/processed/train/06471.pt,True
42969,train,"[68, 1, 29]",68,1,29,"[54, 15, 219, 192]",../data/processed/train/42969.pt,True
13168,train,"[83, 1, 66]",83,1,66,"[168, 59, 523, 400]",../data/processed/train/13168.pt,True
13160,train,"[83, 1, 43]",83,1,43,"[62, 10, 205, 192]",../data/processed/train/13160.pt,True
13167,train,"[83, 1, 74]",83,1,74,"[164, 54, 522, 400]",../data/processed/train/13167.pt,True
51235,train,"[72, 1, 78]",72,1,78,"[208, 61, 565, 400]",../data/processed/train/51235.pt,True
51231,train,"[72, 1, 38]",72,1,38,"[83, 23, 214, 192]",../data/processed/train/51231.pt,True
40834,train,"[91, 1, 35]",91,1,35,"[672, 123, 1519, 1071]",../data/processed/train/40834.pt,True
51232,train,"[72, 1, 29]",72,1,29,"[69, 17, 215, 192]",../data/processed/train/51232.pt,True
40837,train,"[91, 1, 79]",91,1,79,"[121, 0, 529, 480]",../data/processed/train/40837.pt,True
09949,train,"[54, 1, 79]",54,1,79,"[94, 12, 223, 180]",../data/processed/train/09949.pt,True
07389,train,"[34, 1, 70]",34,1,70,"[424, 56, 833, 720]",../data/processed/train/07389.pt,True
66816,train,"[16, 1, 60]",16,1,60,"[188, 33, 482, 370]",../data/processed/train/66816.pt,True
66818,train,"[16, 1, 55]",16,1,55,"[157, 8, 461, 370]",../data/processed/train/66818.pt,True
08942,train,"[35, 1, 35]",35,1,35,"[76, 18, 237, 192]",../data/processed/train/08942.pt,True
08944,train,"[35, 1, 34]",35,1,34,"[70, 18, 217, 192]",../data/processed/train/08944.pt,True
42829,train,"[67, 1, 70]",67,1,70,"[61, 0, 261, 240]",../data/processed/train/42829.pt,True
05238,train,"[77, 1, 36]",77,1,36,"[76, 19, 215, 192]",../data/processed/train/05238.pt,True
05728,train,"[3, 1, 27]",3,1,27,"[624, 70, 1587, 1070]",../data/processed/train/05728.pt,True
05231,train,"[77, 1, 34]",77,1,34,"[678, 144, 1591, 1078]",../data/processed/train/05231.pt,True
05233,train,"[77, 1, 101]",77,1,101,"[248, 9, 595, 360]",../data/processed/train/05233.pt,True
66038,train,"[88, 1, 61]",88,1,61,"[197, 11, 490, 370]",../data/processed/train/66038.pt,True
65601,train,"[61, 1, 64]",61,1,64,"[200, 10, 486, 370]",../data/processed/train/65601.pt,True
06472,train,"[19, 1, 78]",19,1,78,"[205, 17, 524, 414]",../data/processed/train/06472.pt,True
06473,train,"[19, 1, 58]",19,1,58,"[544, 60, 1618, 1080]",../data/processed/train/06473.pt,True
22120,train,"[38, 1, 29]",38,1,29,"[73, 14, 221, 192]",../data/processed/train/22120.pt,True
22121,train,"[38, 1, 43]",38,1,43,"[74, 16, 221, 192]",../data/processed/train/22121.pt,True
06477,train,"[19, 1, 21]",19,1,21,"[48, 11, 226, 192]",../data/processed/train/06477.pt,True
06474,train,"[19, 1, 68]",19,1,68,"[77, 18, 515, 480]",../data/processed/train/06474.pt,True
51236,train,"[72, 1, 82]",72,1,82,"[176, 54, 564, 400]",../data/processed/train/51236.pt,True
56579,train,"[28, 1, 61]",28,1,61,"[159, 60, 542, 400]",../data/processed/train/56579.pt,True
64090,train,"[50, 1, 23]",50,1,23,"[81, 16, 223, 192]",../data/processed/train/64090.pt,True
64091,train,"[50, 1, 31]",50,1,31,"[72, 12, 209, 192]",../data/processed/train/64091.pt,True
65731,train,"[38, 1, 45]",38,1,45,"[160, 18, 467, 370]",../data/processed/train/65731.pt,True
64088,train,"[50, 1, 57]",50,1,57,"[133, 24, 513, 480]",../data/processed/train/64088.pt,True
64087,train,"[50, 1, 67]",50,1,67,"[147, 9, 516, 480]",../data/processed/train/64087.pt,True
64086,train,"[50, 1, 34]",50,1,34,"[686, 60, 1432, 1080]",../data/processed/train/64086.pt,True
64085,train,"[50, 1, 52]",50,1,52,"[407, 52, 813, 720]",../data/processed/train/64085.pt,True
64084,train,"[50, 1, 77]",50,1,77,"[52, 0, 280, 240]",../data/processed/train/64084.pt,True
37884,train,"[90, 1, 81]",90,1,81,"[109, 0, 496, 480]",../data/processed/train/37884.pt,True
17711,train,"[1, 1, 69]",1,1,69,"[289, 9, 783, 480]",../data/processed/train/17711.pt,True
17710,train,"[1, 1, 60]",1,1,60,"[196, 15, 521, 414]",../data/processed/train/17710.pt,True
17712,train,"[1, 1, 45]",1,1,45,"[673, 90, 1571, 1072]",../data/processed/train/17712.pt,True
34831,train,"[24, 1, 40]",24,1,40,"[84, 11, 230, 192]",../data/processed/train/34831.pt,True
34830,train,"[24, 1, 26]",24,1,26,"[82, 14, 221, 192]",../data/processed/train/34830.pt,True
13157,train,"[83, 1, 40]",83,1,40,"[569, 54, 1444, 1080]",../data/processed/train/13157.pt,True
13156,train,"[83, 1, 85]",83,1,85,"[213, 16, 522, 414]",../data/processed/train/13156.pt,True
13158,train,"[83, 1, 73]",83,1,73,"[90, 22, 522, 480]",../data/processed/train/13158.pt,True
20992,train,"[37, 1, 71]",37,1,71,"[217, 35, 489, 400]",../data/processed/train/20992.pt,True
33267,train,"[23, 1, 64]",23,1,64,"[408, 49, 805, 720]",../data/processed/train/33267.pt,True
33266,train,"[23, 1, 64]",23,1,64,"[68, 3, 234, 240]",../data/processed/train/33266.pt,True
33269,train,"[23, 1, 62]",23,1,62,"[132, 0, 506, 477]",../data/processed/train/33269.pt,True
63236,train,"[7, 1, 39]",7,1,39,"[81, 19, 207, 192]",../data/processed/train/63236.pt,True
63231,train,"[7, 1, 79]",7,1,79,"[128, 8, 517, 480]",../data/processed/train/63231.pt,True
63232,train,"[7, 1, 132]",7,1,132,"[112, 28, 507, 480]",../data/processed/train/63232.pt,True
30840,train,"[87, 1, 38]",87,1,38,"[45, 15, 252, 192]",../data/processed/train/30840.pt,True
09954,train,"[54, 1, 32]",54,1,32,"[753, 142, 1517, 1080]",../data/processed/train/09954.pt,True
09956,train,"[54, 1, 30]",54,1,30,"[736, 143, 1527, 1080]",../data/processed/train/09956.pt,True
09953,train,"[54, 1, 75]",54,1,75,"[423, 55, 817, 720]",../data/processed/train/09953.pt,True
66531,train,"[97, 1, 68]",97,1,68,"[148, 44, 479, 370]",../data/processed/train/66531.pt,True
66820,train,"[17, 1, 49]",17,1,49,"[168, 14, 461, 370]",../data/processed/train/66820.pt,True
65540,train,"[1, 1, 48]",1,1,48,"[167, 19, 480, 370]",../data/processed/train/65540.pt,True
26741,train,"[40, 1, 56]",40,1,56,"[137, 29, 544, 400]",../data/processed/train/26741.pt,True
07394,train,"[34, 1, 83]",34,1,83,"[106, 23, 557, 480]",../data/processed/train/07394.pt,True
07397,train,"[34, 1, 44]",34,1,44,"[69, 12, 217, 192]",../data/processed/train/07397.pt,True
07390,train,"[34, 1, 29]",34,1,29,"[737, 142, 1494, 1080]",../data/processed/train/07390.pt,True
07391,train,"[34, 1, 27]",34,1,27,"[685, 146, 1545, 1080]",../data/processed/train/07391.pt,True
07392,train,"[34, 1, 31]",34,1,31,"[627, 134, 1450, 1069]",../data/processed/train/07392.pt,True
07393,train,"[34, 1, 53]",34,1,53,"[428, 47, 1680, 1080]",../data/processed/train/07393.pt,True
07399,train,"[34, 1, 56]",34,1,56,"[68, 10, 222, 192]",../data/processed/train/07399.pt,True
22116,train,"[38, 1, 31]",38,1,31,"[710, 70, 1594, 1070]",../data/processed/train/22116.pt,True
22115,train,"[38, 1, 53]",38,1,53,"[403, 57, 843, 720]",../data/processed/train/22115.pt,True
55363,train,"[47, 1, 68]",47,1,68,"[390, 50, 799, 720]",../data/processed/train/55363.pt,True
55361,train,"[47, 1, 154]",47,1,154,"[73, 8, 232, 180]",../data/processed/train/55361.pt,True
55368,train,"[47, 1, 33]",47,1,33,"[68, 24, 216, 192]",../data/processed/train/55368.pt,True
55369,train,"[47, 1, 86]",47,1,86,"[58, 23, 208, 192]",../data/processed/train/55369.pt,True
32953,train,"[88, 1, 29]",88,1,29,"[71, 16, 215, 192]",../data/processed/train/32953.pt,True
65449,train,"[84, 1, 56]",84,1,56,"[154, 16, 494, 370]",../data/processed/train/65449.pt,True
32321,train,"[44, 1, 30]",44,1,30,"[523, 99, 1517, 1080]",../data/processed/train/32321.pt,True
32322,train,"[44, 1, 36]",44,1,36,"[488, 106, 1527, 1080]",../data/processed/train/32322.pt,True
32324,train,"[44, 1, 34]",44,1,34,"[729, 144, 1557, 1077]",../data/processed/train/32324.pt,True
32326,train,"[44, 1, 92]",44,1,92,"[111, 0, 529, 480]",../data/processed/train/32326.pt,True
32955,train,"[88, 1, 28]",88,1,28,"[68, 11, 229, 192]",../data/processed/train/32955.pt,True
57638,train,"[29, 1, 50]",29,1,50,"[94, 19, 238, 192]",../data/processed/train/57638.pt,True
57635,train,"[29, 1, 72]",29,1,72,"[150, 24, 521, 480]",../data/processed/train/57635.pt,True
57632,train,"[29, 1, 21]",29,1,21,"[689, 87, 1577, 1074]",../data/processed/train/57632.pt,True
57633,train,"[29, 1, 74]",29,1,74,"[131, 0, 560, 480]",../data/processed/train/57633.pt,True
17019,train,"[60, 1, 41]",60,1,41,"[93, 20, 203, 192]",../data/processed/train/17019.pt,True
17013,train,"[60, 1, 74]",60,1,74,"[57, 0, 231, 240]",../data/processed/train/17013.pt,True
17017,train,"[60, 1, 73]",60,1,73,"[93, 12, 562, 480]",../data/processed/train/17017.pt,True
17014,train,"[60, 1, 75]",60,1,75,"[233, 13, 524, 414]",../data/processed/train/17014.pt,True
17015,train,"[60, 1, 93]",60,1,93,"[229, 14, 528, 414]",../data/processed/train/17015.pt,True
34823,train,"[24, 1, 71]",24,1,71,"[26, 4, 278, 240]",../data/processed/train/34823.pt,True
34824,train,"[24, 1, 58]",24,1,58,"[426, 54, 796, 720]",../data/processed/train/34824.pt,True
34825,train,"[24, 1, 44]",24,1,44,"[552, 55, 1533, 1080]",../data/processed/train/34825.pt,True
34826,train,"[24, 1, 36]",24,1,36,"[659, 80, 1618, 1072]",../data/processed/train/34826.pt,True
34827,train,"[24, 1, 69]",24,1,69,"[124, 0, 523, 480]",../data/processed/train/34827.pt,True
38524,train,"[13, 1, 68]",13,1,68,"[54, 0, 261, 240]",../data/processed/train/38524.pt,True
38527,train,"[13, 1, 40]",13,1,40,"[777, 24, 1651, 1080]",../data/processed/train/38527.pt,True
38529,train,"[13, 1, 91]",13,1,91,"[88, 0, 502, 480]",../data/processed/train/38529.pt,True
20986,train,"[37, 1, 52]",37,1,52,"[84, 12, 218, 192]",../data/processed/train/20986.pt,True
20987,train,"[37, 1, 36]",37,1,36,"[79, 13, 210, 192]",../data/processed/train/20987.pt,True
20982,train,"[37, 1, 37]",37,1,37,"[688, 43, 1555, 1080]",../data/processed/train/20982.pt,True
20983,train,"[37, 1, 75]",37,1,75,"[60, 0, 557, 480]",../data/processed/train/20983.pt,True
20980,train,"[37, 1, 71]",37,1,71,"[218, 18, 529, 414]",../data/processed/train/20980.pt,True
20981,train,"[37, 1, 67]",37,1,67,"[307, 9, 790, 480]",../data/processed/train/20981.pt,True
33274,train,"[23, 1, 27]",23,1,27,"[73, 14, 213, 192]",../data/processed/train/33274.pt,True
33273,train,"[23, 1, 32]",23,1,32,"[70, 11, 209, 192]",../data/processed/train/33273.pt,True
35512,train,"[66, 1, 47]",66,1,47,"[744, 20, 1666, 1080]",../data/processed/train/35512.pt,True
63228,train,"[7, 1, 35]",7,1,35,"[693, 88, 1401, 1080]",../data/processed/train/63228.pt,True
41037,train,"[92, 1, 74]",92,1,74,"[230, 37, 491, 400]",../data/processed/train/41037.pt,True
41032,train,"[92, 1, 38]",92,1,38,"[75, 8, 210, 192]",../data/processed/train/41032.pt,True
41030,train,"[92, 1, 55]",92,1,55,"[132, 28, 517, 480]",../data/processed/train/41030.pt,True
35454,train,"[89, 1, 89]",89,1,89,"[245, 24, 559, 360]",../data/processed/train/35454.pt,True
66296,train,"[67, 1, 68]",67,1,68,"[211, 6, 485, 370]",../data/processed/train/66296.pt,True
66297,train,"[68, 1, 56]",68,1,56,"[210, 7, 477, 370]",../data/processed/train/66297.pt,True
58503,train,"[73, 1, 25]",73,1,25,"[82, 14, 223, 192]",../data/processed/train/58503.pt,True
58508,train,"[73, 1, 65]",73,1,65,"[182, 52, 551, 400]",../data/processed/train/58508.pt,True
66637,train,"[99, 1, 72]",99,1,72,"[166, 30, 453, 370]",../data/processed/train/66637.pt,True
66638,train,"[99, 1, 77]",99,1,77,"[177, 30, 453, 370]",../data/processed/train/66638.pt,True
66639,train,"[99, 1, 64]",99,1,64,"[133, 32, 455, 370]",../data/processed/train/66639.pt,True
66742,train,"[15, 1, 69]",15,1,69,"[155, 31, 517, 370]",../data/processed/train/66742.pt,True
66743,train,"[15, 1, 55]",15,1,55,"[202, 29, 478, 370]",../data/processed/train/66743.pt,True
48105,train,"[95, 1, 71]",95,1,71,"[222, 16, 525, 414]",../data/processed/train/48105.pt,True
56558,train,"[28, 1, 87]",28,1,87,"[88, 0, 599, 480]",../data/processed/train/56558.pt,True
69430,train,"[67, 1, 58]",67,1,58,"[380, 42, 867, 720]",../data/processed/train/69430.pt,True
13702,train,"[57, 1, 44]",57,1,44,"[36, 0, 220, 192]",../data/processed/train/13702.pt,True
65242,train,"[34, 1, 77]",34,1,77,"[179, 18, 530, 370]",../data/processed/train/65242.pt,True
34839,train,"[24, 1, 74]",24,1,74,"[223, 39, 471, 400]",../data/processed/train/34839.pt,True
65241,train,"[34, 1, 64]",34,1,64,"[159, 26, 477, 370]",../data/processed/train/65241.pt,True
32338,train,"[44, 1, 87]",44,1,87,"[178, 55, 542, 400]",../data/processed/train/32338.pt,True
32333,train,"[44, 1, 33]",44,1,33,"[67, 15, 215, 192]",../data/processed/train/32333.pt,True
32337,train,"[44, 1, 87]",44,1,87,"[178, 55, 542, 400]",../data/processed/train/32337.pt,True
13636,train,"[9, 1, 112]",9,1,112,"[55, 27, 520, 480]",../data/processed/train/13636.pt,True
13632,train,"[9, 1, 61]",9,1,61,"[428, 69, 853, 720]",../data/processed/train/13632.pt,True
13631,train,"[9, 1, 61]",9,1,61,"[463, 67, 856, 720]",../data/processed/train/13631.pt,True
65450,train,"[84, 1, 63]",84,1,63,"[156, 18, 503, 370]",../data/processed/train/65450.pt,True
57276,train,"[98, 1, 94]",98,1,94,"[62, 6, 245, 240]",../data/processed/train/57276.pt,True
57277,train,"[98, 1, 40]",98,1,40,"[794, 68, 1572, 1080]",../data/processed/train/57277.pt,True
57287,train,"[98, 1, 35]",98,1,35,"[76, 11, 211, 192]",../data/processed/train/57287.pt,True
57284,train,"[98, 1, 38]",98,1,38,"[80, 14, 228, 192]",../data/processed/train/57284.pt,True
57283,train,"[98, 1, 48]",98,1,48,"[62, 17, 218, 192]",../data/processed/train/57283.pt,True
66355,train,"[94, 1, 66]",94,1,66,"[195, 6, 478, 370]",../data/processed/train/66355.pt,True
65408,train,"[56, 1, 66]",56,1,66,"[144, 25, 440, 370]",../data/processed/train/65408.pt,True
65409,train,"[56, 1, 56]",56,1,56,"[92, 11, 506, 370]",../data/processed/train/65409.pt,True
65403,train,"[20, 1, 77]",20,1,77,"[175, 17, 495, 370]",../data/processed/train/65403.pt,True
11770,train,"[55, 1, 78]",55,1,78,"[129, 28, 517, 480]",../data/processed/train/11770.pt,True
11773,train,"[55, 1, 48]",55,1,48,"[85, 9, 215, 192]",../data/processed/train/11773.pt,True
17026,train,"[60, 1, 88]",60,1,88,"[189, 63, 546, 400]",../data/processed/train/17026.pt,True
64288,train,"[17, 1, 47]",17,1,47,"[143, 25, 514, 480]",../data/processed/train/64288.pt,True
64284,train,"[17, 1, 48]",17,1,48,"[724, 29, 1675, 1080]",../data/processed/train/64284.pt,True
64281,train,"[17, 1, 61]",17,1,61,"[222, 13, 524, 414]",../data/processed/train/64281.pt,True
64280,train,"[17, 1, 54]",17,1,54,"[20, 13, 258, 240]",../data/processed/train/64280.pt,True
64283,train,"[17, 1, 23]",17,1,23,"[625, 111, 1483, 1063]",../data/processed/train/64283.pt,True
49595,train,"[70, 1, 81]",70,1,81,"[52, 0, 262, 240]",../data/processed/train/49595.pt,True
49596,train,"[70, 1, 58]",70,1,58,"[216, 17, 526, 414]",../data/processed/train/49596.pt,True
49597,train,"[70, 1, 35]",70,1,35,"[663, 66, 1647, 1080]",../data/processed/train/49597.pt,True
49598,train,"[70, 1, 48]",70,1,48,"[221, 9, 785, 720]",../data/processed/train/49598.pt,True
49599,train,"[70, 1, 73]",70,1,73,"[114, 0, 526, 480]",../data/processed/train/49599.pt,True
34832,train,"[24, 1, 36]",24,1,36,"[86, 12, 228, 192]",../data/processed/train/34832.pt,True
17733,train,"[1, 1, 79]",1,1,79,"[186, 63, 551, 400]",../data/processed/train/17733.pt,True
05729,train,"[3, 1, 45]",3,1,45,"[300, 12, 1202, 1080]",../data/processed/train/05729.pt,True
05230,train,"[77, 1, 83]",77,1,83,"[172, 1, 601, 414]",../data/processed/train/05230.pt,True
05234,train,"[77, 1, 80]",77,1,80,"[43, 22, 593, 480]",../data/processed/train/05234.pt,True
38534,train,"[13, 1, 46]",13,1,46,"[77, 17, 218, 192]",../data/processed/train/38534.pt,True
38532,train,"[13, 1, 38]",13,1,38,"[74, 22, 205, 192]",../data/processed/train/38532.pt,True
38530,train,"[13, 1, 47]",13,1,47,"[138, 36, 517, 480]",../data/processed/train/38530.pt,True
14633,train,"[58, 1, 92]",58,1,92,"[182, 61, 554, 400]",../data/processed/train/14633.pt,True
63214,train,"[49, 1, 62]",49,1,62,"[183, 52, 544, 400]",../data/processed/train/63214.pt,True
41025,train,"[92, 1, 66]",92,1,66,"[55, 3, 261, 240]",../data/processed/train/41025.pt,True
41026,train,"[92, 1, 67]",92,1,67,"[225, 18, 531, 414]",../data/processed/train/41026.pt,True
41028,train,"[92, 1, 39]",92,1,39,"[419, 45, 1006, 720]",../data/processed/train/41028.pt,True
41029,train,"[92, 1, 72]",92,1,72,"[112, 0, 519, 480]",../data/processed/train/41029.pt,True
66606,train,"[14, 1, 65]",14,1,65,"[183, 26, 437, 370]",../data/processed/train/66606.pt,True
66351,train,"[93, 1, 54]",93,1,54,"[214, 7, 518, 370]",../data/processed/train/66351.pt,True
65890,train,"[12, 1, 61]",12,1,61,"[182, 14, 465, 370]",../data/processed/train/65890.pt,True
28205,train,"[86, 1, 57]",86,1,57,"[76, 13, 544, 480]",../data/processed/train/28205.pt,True
28204,train,"[86, 1, 79]",86,1,79,"[634, 35, 1554, 1080]",../data/processed/train/28204.pt,True
28202,train,"[86, 1, 68]",86,1,68,"[223, 16, 527, 414]",../data/processed/train/28202.pt,True
